[{"id":"user-image-bgdark.png","publicUrl":"np://user.desktop.nicepage.com/Site_905307148/images/bgdark.png","size":660868,"hash":"9wK3iomr3i8HbBmatbVN03NcFRk=","fileName":"bgdark.png","name":"bgdark","width":1000,"height":600,"thumbnail":{"url":"np://user.desktop.nicepage.com/Site_905307148/images/thumbnails/bgdark.png","width":250,"height":150},"folderId":null,"usages":["163195445"]},{"id":"user-image-2669570.png","publicUrl":"np://user.desktop.nicepage.com/Site_905307148/images/2669570.png","size":3338,"hash":"n/HjjC9Ib10d5/Qi2Xb4cUiGOYo=","fileName":"2669570.png","name":"2669570","width":128,"height":128,"thumbnail":{"url":"np://user.desktop.nicepage.com/Site_905307148/images/thumbnails/2669570.png","width":128,"height":128,"length":3338,"type":"png"},"folderId":null,"usages":["163195445"]},{"id":"user-image-1860029.png","publicUrl":"np://user.desktop.nicepage.com/Site_905307148/images/1860029.png","size":850,"hash":"5aTk4W30HeEXKtgq6i5eeO8tDMk=","fileName":"1860029.png","name":"1860029","width":128,"height":128,"thumbnail":{"url":"np://user.desktop.nicepage.com/Site_905307148/images/thumbnails/1860029.png","width":128,"height":128,"length":850,"type":"png"},"folderId":null,"usages":[]},{"id":"user-image-logo.png","publicUrl":"np://user.desktop.nicepage.com/Site_905307148/images/logo.png","size":110684,"hash":"qGOCWpPbvQVfqwwa8dv0ytry3Mo=","fileName":"logo.png","name":"logo","width":1200,"height":1800,"thumbnail":{"url":"np://user.desktop.nicepage.com/Site_905307148/images/thumbnails/logo.png","width":167,"height":250},"folderId":null,"usages":[]},{"id":"user-image-brightlogo.png","publicUrl":"np://user.desktop.nicepage.com/Site_905307148/images/brightlogo.png","size":23193,"hash":"2+0yMaeR2dCypE9rXeBlFfDKJAo=","fileName":"brightlogo.png","name":"brightlogo","width":1000,"height":500,"thumbnail":{"url":"np://user.desktop.nicepage.com/Site_905307148/images/thumbnails/brightlogo.png","width":250,"height":125},"folderId":null,"usages":["163195445"]},{"id":"user-image-hej.PNG","publicUrl":"np://user.desktop.nicepage.com/Site_905307148/images/hej.PNG","size":438483,"hash":"rVW4YChw4jnl8Ch7kFP5lCdSU38=","fileName":"hej.PNG","name":"hej","width":1289,"height":786,"thumbnail":{"url":"np://user.desktop.nicepage.com/Site_905307148/images/thumbnails/hej.PNG","width":250,"height":152},"folderId":null,"usages":["17884039"]},{"id":"user-image-temx.PNG","publicUrl":"np://user.desktop.nicepage.com/Site_905307148/images/temx.PNG","size":769090,"hash":"SlYoCt/pPjip1jdIt7nwfIJSjww=","fileName":"temx.PNG","name":"temx","width":1916,"height":818,"thumbnail":{"url":"np://user.desktop.nicepage.com/Site_905307148/images/thumbnails/temx.PNG","width":250,"height":107},"folderId":null,"usages":["17884039"]},{"id":"user-image-scgm.PNG","publicUrl":"np://user.desktop.nicepage.com/Site_905307148/images/scgm.PNG","size":1374326,"hash":"qQx4YWjgBwubk4eTjDqKNtae9DY=","fileName":"scgm.PNG","name":"scgm","width":1914,"height":777,"thumbnail":{"url":"np://user.desktop.nicepage.com/Site_905307148/images/thumbnails/scgm.PNG","width":250,"height":101},"folderId":null,"usages":["17884039"]},{"id":"user-image-2019_07_24_13_22_51_logo_fb.png","publicUrl":"np://user.desktop.nicepage.com/Site_905307148/images/2019_07_24_13_22_51_logo_fb.png","size":14262,"hash":"54A6LS+8T/1bgLXjfKUTiwbvu4Q=","fileName":"2019_07_24_13_22_51_logo_fb.png","name":"2019_07_24_13_22_51_logo_fb","width":300,"height":300,"thumbnail":{"url":"np://user.desktop.nicepage.com/Site_905307148/images/thumbnails/2019_07_24_13_22_51_logo_fb.png","width":250,"height":250},"folderId":null,"usages":["163195445"]},{"id":"user-image-raspil.png","publicUrl":"np://user.desktop.nicepage.com/Site_905307148/images/raspil.png","size":16353,"hash":"TAsLSqak9QXNX1k4Ts72wXDNhuw=","fileName":"raspil.png","name":"raspil","width":453,"height":274,"thumbnail":{"url":"np://user.desktop.nicepage.com/Site_905307148/images/thumbnails/raspil.png","width":250,"height":151},"folderId":null,"usages":["163195445"]},{"id":"user-image-temaxmd.png","publicUrl":"np://user.desktop.nicepage.com/Site_905307148/images/temaxmd.png","size":106531,"hash":"WsD6DPxTrb49es9Uu5IrMpMNeoM=","fileName":"temaxmd.png","name":"temaxmd","width":644,"height":186,"thumbnail":{"url":"np://user.desktop.nicepage.com/Site_905307148/images/thumbnails/temaxmd.png","width":250,"height":72},"folderId":null,"usages":["163195445"]},{"id":"user-image-a5aed1466310f70_900x420.jpg","publicUrl":"np://user.desktop.nicepage.com/Site_905307148/images/a5aed1466310f70_900x420.jpg","size":88045,"hash":"KuHRKwnJrA9FTL6UCbYBKZWfe5Y=","fileName":"a5aed1466310f70_900x420.jpg","name":"a5aed1466310f70_900x420","width":900,"height":420,"thumbnail":{"url":"np://user.desktop.nicepage.com/Site_905307148/images/thumbnails/a5aed1466310f70_900x420.jpg","width":250,"height":117},"folderId":null,"usages":["163195445"]},{"id":"user-image-favicon.png","publicUrl":"np://user.desktop.nicepage.com/Site_905307148/images/favicon.png","size":21744,"hash":"yUWSUke0YTLaXTwMUZRCtj/fPSc=","fileName":"favicon.png","name":"favicon","width":512,"height":512,"thumbnail":{"url":"np://user.desktop.nicepage.com/Site_905307148/images/thumbnails/favicon.png","width":250,"height":250},"folderId":null,"usages":[]}]