[{"id":625130412,"title":"Blog Template","order":1,"templateKey":"blog","customTemplate":false,"customTemplateFilename":null,"pageLinks":[],"dateCreated":"2025-03-14T14:23:41.919Z","dateUpdated":"2025-03-14T14:23:43.853Z","folderId":null,"pageName":"Blog Template","serverPageId":null,"sectionCount":1,"status":2,"backwardUrl":null},{"id":240148649,"title":"Post Template","order":2,"templateKey":"post","customTemplate":false,"customTemplateFilename":null,"pageLinks":[],"dateCreated":"2025-03-14T14:23:42.120Z","dateUpdated":"2025-03-14T14:23:43.854Z","folderId":null,"pageName":"Post Template","serverPageId":null,"sectionCount":1,"status":2,"backwardUrl":null},{"id":162450468,"title":"Product List Template","order":3,"templateKey":"products","customTemplate":false,"customTemplateFilename":null,"pageLinks":[],"dateCreated":"2025-03-14T14:23:42.380Z","dateUpdated":"2025-03-14T14:23:43.854Z","folderId":null,"pageName":"Product List Template","serverPageId":null,"sectionCount":1,"status":2,"backwardUrl":null},{"id":168552917,"title":"Product Details Template","order":4,"templateKey":"product","customTemplate":false,"customTemplateFilename":null,"pageLinks":[],"dateCreated":"2025-03-14T14:23:42.562Z","dateUpdated":"2025-03-14T14:23:43.854Z","folderId":null,"pageName":"Product Details Template","serverPageId":null,"sectionCount":1,"status":2,"backwardUrl":null},{"id":661105793,"title":"Shopping Cart Template","order":5,"templateKey":"cart","customTemplate":false,"customTemplateFilename":null,"pageLinks":[],"dateCreated":"2025-03-14T14:23:42.718Z","dateUpdated":"2025-03-14T14:23:43.854Z","folderId":null,"pageName":"Shopping Cart Template","serverPageId":null,"sectionCount":1,"status":2,"backwardUrl":null},{"id":636108012,"title":"Checkout Template","order":6,"templateKey":"checkout","customTemplate":false,"customTemplateFilename":null,"pageLinks":[],"dateCreated":"2025-03-14T14:23:42.917Z","dateUpdated":"2025-03-14T14:23:43.854Z","folderId":null,"pageName":"Checkout Template","serverPageId":null,"sectionCount":1,"status":2,"backwardUrl":null},{"id":91739414,"title":"Login Template","order":7,"templateKey":"login","customTemplate":false,"customTemplateFilename":null,"pageLinks":[],"dateCreated":"2025-03-14T14:23:43.044Z","dateUpdated":"2025-03-14T14:23:43.855Z","folderId":null,"pageName":"Login Template","serverPageId":null,"sectionCount":1,"status":2,"backwardUrl":null},{"id":3018508699,"title":"Search Page Template","order":8,"templateKey":"Search","customTemplate":false,"customTemplateFilename":null,"pageLinks":[],"dateCreated":"2025-03-14T14:23:43.130Z","dateUpdated":"2025-03-14T14:23:43.855Z","folderId":null,"pageName":"Search Page Template","serverPageId":null,"sectionCount":1,"status":2,"backwardUrl":null},{"id":12722307,"title":"Page Password Template","order":9,"templateKey":"password","customTemplate":false,"customTemplateFilename":null,"pageLinks":[],"dateCreated":"2025-03-14T14:23:43.235Z","dateUpdated":"2025-03-14T14:23:43.855Z","folderId":null,"pageName":"Page Password Template","serverPageId":null,"sectionCount":1,"status":2,"backwardUrl":null},{"id":129105343,"title":"404 Not Found Template","order":10,"templateKey":"404","customTemplate":false,"customTemplateFilename":null,"pageLinks":["163195445","17884039"],"dateCreated":"2025-03-14T14:23:43.316Z","dateUpdated":"2025-03-14T17:25:20.924Z","folderId":null,"pageName":"404 Not Found Template","serverPageId":null,"sectionCount":1,"status":2,"backwardUrl":null},{"id":82484141,"title":"Thank You Page Template","order":11,"templateKey":"ThankYou","customTemplate":false,"customTemplateFilename":null,"pageLinks":[],"dateCreated":"2025-03-14T14:23:43.389Z","dateUpdated":"2025-03-14T14:23:43.855Z","folderId":null,"pageName":"Thank You Page Template","serverPageId":null,"sectionCount":1,"status":2,"backwardUrl":null},{"id":163195445,"title":"Home","order":50,"templateKey":null,"customTemplate":false,"customTemplateFilename":null,"pageLinks":[],"dateCreated":"2025-03-14T14:23:44.735Z","dateUpdated":"2025-03-15T14:57:36.975Z","folderId":null,"pageName":"Home_163195445","serverPageId":null,"sectionCount":5,"status":2,"backwardUrl":null},{"id":249466536,"title":"FAQ","order":100,"templateKey":null,"customTemplate":false,"customTemplateFilename":null,"pageLinks":["163195445","17884039"],"dateCreated":"2025-03-14T14:23:43.447Z","dateUpdated":"2025-03-14T16:22:08.716Z","folderId":null,"pageName":"FAQ_249466536","serverPageId":null,"sectionCount":1,"status":2,"backwardUrl":null},{"id":17884039,"title":"Portfolio","order":101,"templateKey":null,"customTemplate":false,"customTemplateFilename":null,"pageLinks":["163195445","17884039"],"dateCreated":"2025-03-14T14:23:43.491Z","dateUpdated":"2025-03-14T15:47:09.921Z","folderId":null,"pageName":"Portfolio_17884039","serverPageId":null,"sectionCount":1,"status":2,"backwardUrl":null},{"id":1189326915,"title":"404","order":102,"templateKey":null,"customTemplate":false,"customTemplateFilename":null,"pageLinks":["17884039"],"dateCreated":"2025-03-14T17:20:59.995Z","dateUpdated":"2025-03-14T17:32:29.250Z","folderId":null,"pageName":"404_1189326915","serverPageId":null,"sectionCount":1,"status":2,"backwardUrl":null}]